supplier_name,total_water_production_16,total_water_production_15,total_water_production_13,savings_16,savings_15,savings_change,residential_water_usage_mean_16,cc_score
San Juan Water District,1783309914.14,1204845426.88,2045265134.82,-0.128078856975,-0.410909907786,0.28283105081,506.732875332,6.36673285627
North Marin Water District,1134200000.0,715000000.0,1102000000.0,0.029219600726,-0.351179673321,0.380399274047,165.570044148,4.89475052628
Santa Fe Irrigation District,1035523249.86,763209212.319,1257134805.37,-0.176283048212,-0.392897874546,0.216614826335,494.661154066,4.8177258386
Bella Vista Water District,1352609273.48,954418829.683,2133349292.57,-0.365969146174,-0.552619520391,0.186650374217,394.37727243,3.70667752287
Folsom  City of,2425963874.01,1835195236.86,2725421335.43,-0.10987565758,-0.326637972262,0.216762314682,247.170606546,3.40786350456
Valley Water Company,353353287.439,283979518.631,410344702.021,-0.138886683078,-0.307948860478,0.1690621774,342.437655123,3.1285076072
San Lorenzo Valley Water District,206498200.0,138808800.0,243345319.0,-0.151419058116,-0.429580973366,0.278161915249,114.245689453,2.97315519493
Fair Oaks Water District,1240415368.65,967123776.822,1586443516.01,-0.218115642863,-0.390382470561,0.172266827698,278.955597671,2.87719433508
Vaughn Water Company,1330959198.0,1112734671.0,1596587387.0,-0.166372471161,-0.30305432696,0.136681855799,441.52267048,2.87201941026
Yucaipa Valley Water District,1266950000.0,1029590000.0,1363260000.0,-0.0706468318589,-0.244758886786,0.174112054927,262.711075761,2.8220716286
Sacramento County Water Agency,3995933046.0,2943328861.0,4900666998.0,-0.184614451945,-0.399402395184,0.214787943239,168.426641363,2.78750267935
Oakdale  City of,569760000.0,429010000.0,752900000.0,-0.243246115022,-0.430189932262,0.18694381724,213.841929165,2.73374208257
Citrus Heights Water District,1456230027.26,1120277206.03,1889938276.6,-0.229482758621,-0.40724137931,0.17775862069,230.817274446,2.7006283722
Lincoln  City of,1110261000.0,842574000.0,1341560000.0,-0.172410477355,-0.371944601807,0.199534124452,179.47664562,2.67313659699
Nevada Irrigation District,1134100000.0,882350000.0,1392400000.0,-0.185507038207,-0.3663099684,0.180802930192,217.712375861,2.66776163829
Discovery Bay Community Services District,356000000.0,274000000.0,445000000.0,-0.2,-0.384269662921,0.184269662921,199.802826182,2.60468167667
Rainbow Municipal Water District,625406643.841,436673497.323,1200860263.92,-0.479201150517,-0.636366103167,0.15716495265,271.0406745,2.58745580602
Ramona Municipal Water District,509631631.828,376358398.185,639320499.774,-0.202854230377,-0.411314984709,0.208460754332,151.401752751,2.5650140979
Golden State Water Company Cordova,1535053487.45,1198155697.08,1939141842.08,-0.208385145354,-0.382120651991,0.173735506638,216.90012892,2.5586948213
El Dorado Irrigation District,4449501235.68,3569702382.78,5257612774.65,-0.153703129842,-0.321041214751,0.167338084909,231.344194024,2.54521278868
Orange Vale Water Company,496617125.834,398317525.851,670012445.683,-0.258794177581,-0.405507273161,0.14671309558,274.961591404,2.43279154045
Las Virgenes Municipal Water District,2162350069.57,1712023397.46,2584001816.11,-0.163177805801,-0.337452711223,0.174274905422,189.944868912,2.4018652498
Roseville  City of,3381686109.41,2568947480.18,4179696254.13,-0.190925391752,-0.385374600452,0.1944492087,147.562545345,2.36207807834
Carmichael Water District,1020000000.0,826780000.0,1317390000.0,-0.225741807665,-0.372410599746,0.146668792081,259.055138096,2.36066206177
Georgetown Divide Public Utilities District,207157000.0,165113000.0,262067000.0,-0.209526571449,-0.369958827323,0.160432255873,208.024755715,2.31392458605
Golden State Water Company Claremont,955885161.105,729190323.341,1315397040.51,-0.273310543004,-0.445650019818,0.172339476813,177.268871343,2.29456840867
Rio Linda - Elverta Community Water District,308031542.0,250800564.0,409145568.0,-0.247134599293,-0.387013856154,0.139879256861,268.986073741,2.29413100421
Sonoma  City of,211914217.035,164673906.406,251654079.518,-0.157914636468,-0.345633868835,0.187719232368,147.514592884,2.27995493072
"Rio Vista, city of",243076000.0,197420000.0,299430000.0,-0.188204254751,-0.340680626524,0.152476371773,222.277992211,2.27326875002
West Sacramento  City of,1339901067.82,1037836795.0,1733203740.21,-0.226922353826,-0.401203233691,0.174280879865,167.027469796,2.25239054167
Hillsborough  Town of,347129018.158,283193766.214,501838877.887,-0.30828591914,-0.435687869767,0.127401950628,306.180784111,2.22928217205
Calaveras County Water District,587404000.0,444689000.0,711412000.0,-0.174312494026,-0.374920580479,0.200608086453,123.230565165,2.22693558694
Los Angeles County Public Works Waterworks District 40,4961110785.67,3948928273.53,6464892311.68,-0.232607358871,-0.389173387097,0.156566028226,199.953202612,2.21391894572
Shasta Lake  City of,232076200.0,184362900.0,300779200.0,-0.228416725625,-0.387049037965,0.158632312341,194.240675902,2.2108625601
Atwater  City of,889952460.0,729210000.0,1145822930.0,-0.223307164921,-0.36359276734,0.140285602419,245.733768343,2.1991027507
Castaic Lake Water Agency Santa Clarita Water Division,2678172878.51,2122270344.05,3248087024.34,-0.175461476726,-0.346609149278,0.171147672552,164.321571859,2.19390737382
Los Angeles County Public Works Waterworks District 29,703839082.32,602528615.151,791493116.183,-0.110745162618,-0.238744339234,0.127999176616,281.610911007,2.14798831617
Linda County Water District,361793000.0,288503000.0,469593000.0,-0.229560491745,-0.385631813081,0.156071321336,188.079815041,2.14039635018
Olivehurst Public Utility District,442700000.0,356900000.0,594200000.0,-0.254964658364,-0.399360484685,0.144395826321,217.529213151,2.12967550041
Olivenhain Municipal Water District,1827570313.47,1463007736.94,2207513077.35,-0.172113482715,-0.337259764414,0.165146281699,160.429901975,2.09175809801
"Kingsburg, City of",362302000.0,302209000.0,494209000.0,-0.266905297152,-0.388499602395,0.121594305243,293.019327232,2.08142788761
Mountain House Community Services District,335251056.0,266813244.0,399284000.0,-0.160369421264,-0.33177075966,0.171401338396,143.355970858,2.05221142914
Elk Grove Water Service,738558802.0,575343496.0,947446555.0,-0.220474444598,-0.392743059792,0.172268615194,141.725586083,2.0508329827
Beaumont-Cherry Valley Water District,1255831399.66,1056661231.93,1422638003.65,-0.117251615356,-0.257252210879,0.140000595523,214.198695013,2.04898270837
Truckee-Donner Public Utilities District,545240600.0,431735107.0,660873156.0,-0.174969364318,-0.346720163952,0.171750799635,139.179577438,2.02621965817
Valley Center Municipal Water District,725019425.075,590540541.152,1045363962.96,-0.306443065989,-0.435086188086,0.128643122097,232.267852213,1.96056445051
Rubio Canyon Land and Water Association,191600639.076,159667199.23,232983770.305,-0.177622377622,-0.314685314685,0.137062937063,194.235553718,1.91022444275
California Water Service Company Livermore,949791739.42,723553093.653,1340878622.11,-0.291664641555,-0.460388821385,0.16872417983,127.430149244,1.90464228368
Myoma Dunes Mutual Water Company,360000000.0,308000000.0,461900000.0,-0.220610521758,-0.333189001948,0.112578480191,279.527993681,1.88220982065
Clovis  City of,2710161000.0,2263860000.0,3391994000.0,-0.201012442829,-0.332587262831,0.131574820003,203.020729418,1.87474833453
Lee Lake Water District,277795823.357,226534067.517,342512789.587,-0.188947590271,-0.338611361666,0.149663771395,155.136155613,1.86411713029
North Tahoe Public Utility District,142485000.0,118743000.0,166399000.0,-0.143714805978,-0.286395951899,0.14268114592,170.649192115,1.86388325612
Red Bluff  City of,429874559.0,359620149.0,533822065.0,-0.194723134946,-0.326329553275,0.13160641833,200.100098015,1.86166151373
Quartz Hill Water District,543230172.466,459730744.297,756714993.379,-0.282120511396,-0.3924651311,0.110344619704,284.039960651,1.85969140613
Glendora  City of,1063148933.84,874888271.895,1356881185.68,-0.216476029692,-0.355221163706,0.138745134014,174.877198729,1.83478150925
Arvin Community Services District,284930000.0,222193000.0,340940000.0,-0.16428110518,-0.348292954772,0.184011849592,99.1911328483,1.83266132863
Sacramento Suburban Water District,3707161000.0,3031830000.0,4700581000.0,-0.211339832246,-0.355009519036,0.14366968679,159.818035322,1.81626008471
Pleasanton  City of,1542951000.0,1203607000.0,2201886000.0,-0.299259362201,-0.45337451621,0.154115154009,138.564470403,1.8141420407
Valencia Water Company,2764269342.55,2246090627.8,3537166117.8,-0.21850734444,-0.365002786696,0.146495442256,150.714122411,1.79846126184
Western Municipal Water District of Riverside,2430851645.42,2038526527.31,2840772740.59,-0.144299151181,-0.282404221152,0.13810506997,168.31404121,1.79171857452
California Water Service Company Bear Gulch,1315071189.09,1087235871.33,1744087177.87,-0.24598311038,-0.376616097452,0.130632987071,184.327233847,1.77356704509
Livermore  City of Division of Water Resources,598240000.0,474837000.0,789902000.0,-0.242640226256,-0.398865935268,0.156225709012,126.692627224,1.75844251506
Tuolumne Utilities District,511163133.535,395257780.951,653983813.989,-0.218385650224,-0.395615346288,0.177229696064,97.6198934587,1.75107866788
California Water Service Company Los Altos/Suburban,1245599664.85,1009943912.84,1647276718.91,-0.243843095365,-0.386900876308,0.143057780943,146.688757193,1.73264623296
Brentwood  City of,1051930000.0,834050000.0,1480380000.0,-0.289418932977,-0.436597360137,0.147178427161,138.42422651,1.73161049842
East Niles Community Service District,963542669.639,819516338.905,1205650279.9,-0.200810810811,-0.32027027027,0.119459459459,206.613992834,1.71711906654
Fruitridge Vista Water Company,347194782.0,287137090.0,462408155.0,-0.249159474707,-0.37903973601,0.129880261303,174.07898134,1.71362710149
Yorba Linda Water District,1616255663.06,1325469108.12,2245018576.6,-0.280070249793,-0.409595483112,0.129525233319,170.913803602,1.69333526475
La Verne  City of,773479071.744,650482540.406,952251917.693,-0.187736924051,-0.316900781905,0.129163857854,169.550046298,1.68186047468
Morgan Hill  City of,758131000.0,612804000.0,977098000.0,-0.224099322688,-0.372832612491,0.148733289803,122.418431474,1.6456277017
Lake Arrowhead Community Services District,192154586.502,150517291.16,226632925.993,-0.152132967175,-0.335854265215,0.18372129804,80.2156044728,1.64546608509
South Tahoe Public Utilities District,728330000.0,602289000.0,797060000.0,-0.0862293930193,-0.24436177954,0.15813238652,107.255772704,1.63768798696
Redding  City of,2861390000.0,2473250000.0,3616740000.0,-0.20884829985,-0.316165939492,0.107317639642,231.703036486,1.63356708748
Sanger  City of,636255000.0,542580000.0,726392000.0,-0.124088646351,-0.253047941057,0.128959294706,158.903311697,1.62562033578
Trabuco Canyon Water District,266546467.286,217342901.809,326177278.427,-0.182817182817,-0.333666333666,0.150849150849,115.410882966,1.62056424105
Norco  City of,740399612.429,629121350.109,886674318.01,-0.164970048877,-0.290470765499,0.125500716622,165.512779424,1.61458893386
East Orange County Water District,73218815.6469,62596059.1267,102480273.792,-0.285532591415,-0.389189189189,0.103656597774,236.182624234,1.59301887707
Paradise Irrigation District,600500000.0,494100000.0,913600000.0,-0.342710157618,-0.459172504378,0.11646234676,185.101366832,1.58449309124
Riverside Highland Water Company,342261304.864,293787646.583,442995015.007,-0.227392423685,-0.336815005517,0.109422581832,206.025579031,1.57060700268
Tracy  City of,1715999110.72,1440013053.44,2138000169.99,-0.197381209409,-0.326467287674,0.129086078266,146.218020674,1.56091716737
Vacaville  City of,1631863946.42,1351957570.62,2152248675.34,-0.24178652536,-0.371839515519,0.130052990159,140.841397709,1.54342490937
La Habra  City of Public Works,857484547.179,716205143.975,955161770.937,-0.102262492836,-0.250173985426,0.14791149259,108.824100188,1.5429947985
Casitas Municipal Water District,1327417699.66,1129176208.5,1453277813.33,-0.0866043040938,-0.223014210954,0.13640990686,125.871534151,1.53041662618
Golden State Water Company Orcutt,590801222.294,493730082.19,828737934.289,-0.287107301537,-0.404238587662,0.117131286124,166.384163686,1.5108762903
California Water Service Company Palos Verdes,1660766967.99,1439416093.63,2087469411.65,-0.204411351503,-0.310449252287,0.106037900784,202.476258658,1.50885732361
Golden State Water Company Simi Valley,567372504.692,461079769.205,730037537.051,-0.222817354044,-0.368416354222,0.145599000179,106.522929122,1.50272649171
California Water Service Company Chico District,2263657278.23,1882313353.21,3308532464.04,-0.315812281479,-0.431073029005,0.115260747525,169.278688446,1.49962466425
Sunnyslope County Water District,233971408.0,191872472.0,302628084.0,-0.226868158079,-0.365979292259,0.13911113418,115.969306063,1.49807453136
Camrosa Water District,722947009.999,626286442.694,870675012.944,-0.169670658683,-0.280688622754,0.111017964072,180.378576834,1.49102778561
Amador Water Agency,350910000.0,287480000.0,431220000.0,-0.186239042716,-0.333333333333,0.147094290617,102.606425545,1.48998911401
Rancho California Water District,3704930724.99,3262098635.7,4645012091.89,-0.202385128025,-0.297720098211,0.0953349701859,243.28610106,1.48699971156
Newhall County Water District,934235592.295,789792171.734,1142611062.83,-0.18236780416,-0.308783016877,0.126415212717,138.329230931,1.48681290165
Elsinore Valley Municipal Water District,2435283224.83,2070753233.44,2799617705.36,-0.130137225462,-0.260344285764,0.130207060302,128.354551289,1.47516354152
"Lathrop, City of ",429130000.0,357810000.0,539380000.0,-0.204401349698,-0.336627238681,0.132225888984,123.727103716,1.47078407529
California Water Service Company Westlake,649356723.726,570435508.106,867155817.532,-0.25116488802,-0.342176461747,0.0910115737261,260.958013555,1.47021870207
California-American Water Company Sacramento District,3114813790.69,2556630296.24,4278429236.51,-0.271972581874,-0.402437166794,0.13046458492,124.897013638,1.45803739942
Bakersfield  City of,4059193932.19,3557551043.91,5118824477.57,-0.207006618419,-0.305006245184,0.097999626765,220.711829764,1.45591904552
Upland  City of,1854962368.7,1605515470.02,2351930680.36,-0.211302278509,-0.317362759273,0.106060480765,186.802814593,1.44959038325
Groveland Community Services District,46559260.0,39207168.0,59894604.0,-0.222646834763,-0.345397324941,0.122750490178,139.217301075,1.44833771555
Poway  City of,1016301274.18,860215182.137,1364437680.28,-0.255150096721,-0.369546008168,0.114395911447,159.665760496,1.44549435449
Coalinga City of,425887815.089,364627746.813,564048820.137,-0.244945118429,-0.353552859619,0.10860774119,176.503200755,1.44290279307
Vista Irrigation District,1733529591.64,1438634050.2,2019301293.12,-0.141520090366,-0.287558496046,0.14603840568,97.2787760085,1.44037684711
Atascadero Mutual Water Company,537000000.0,452910000.0,694000000.0,-0.226224783862,-0.347391930836,0.121167146974,140.01135795,1.4337271715
Fairfield  City of,2160000000.0,1816000000.0,2484000000.0,-0.130434782609,-0.268921095008,0.138486312399,106.819969255,1.43130792321
Golden State Water Company San Dimas,1052760790.35,884816964.876,1351762059.77,-0.221193713239,-0.345434384341,0.124240671102,131.308773838,1.42367435344
Vallecitos Water District,1350686750.06,1120309791.17,1632613404.7,-0.172684270403,-0.313793585214,0.141109314811,101.577845946,1.42218201601
City of Newman Water Department,242231000.0,208098000.0,288857000.0,-0.161415510097,-0.279581246084,0.118165735987,141.766434908,1.40694873487
Diablo Water District,536005000.0,448729000.0,689433000.0,-0.222542291999,-0.349133273284,0.126590981285,121.284642944,1.39413770609
Shafter  City of,538000000.0,465000000.0,670000000.0,-0.197014925373,-0.305970149254,0.108955223881,162.865118265,1.39047151665
Laguna Beach County Water District,314625845.34,261160143.198,372484024.718,-0.155330633097,-0.298868875261,0.143538242164,92.97746236,1.38406494049
California Water Service Company Bakersfield,6818082673.41,5936556807.94,9004936770.29,-0.242850577707,-0.340744198501,0.0978936207938,198.210227701,1.37821642798
California-American Water Company San Diego District,990262486.653,814628567.5,1128423491.7,-0.122437193185,-0.278082587352,0.155645394167,74.7131336047,1.34534834737
Jurupa Community Service District,2462556337.56,2165323463.84,2908927499.21,-0.153448706358,-0.255628246344,0.102179539986,170.340070831,1.33359007568
Woodland  City of,1054096528.0,884229081.0,1381365800.0,-0.236917167053,-0.359887814654,0.122970647601,116.998830325,1.33012427709
Cucamonga Valley Water District,4576023805.31,3972090770.51,5645452873.71,-0.189431936165,-0.296408833911,0.106976897746,152.718759756,1.32201442442
Lodi  City of Public Works Department,1541700000.0,1349800000.0,1918600000.0,-0.196445324716,-0.296466173251,0.100020848535,170.620506162,1.30649017345
Loma Linda  City of *,512414403.015,451819071.65,595108978.159,-0.138957028341,-0.240779271979,0.101822243637,164.113637456,1.30441263871
Santa Margarita Water District,2575301583.01,2185713616.89,3080762316.57,-0.164070019567,-0.290528319848,0.12645830028,106.013904576,1.30205327812
Adelanto City of,434024228.541,387316100.0,393342171.401,0.103426634869,-0.0153201762725,0.118746811141,117.483403646,1.28709385202
Galt  City of,531900000.0,464400000.0,733800000.0,-0.27514309076,-0.367130008177,0.0919869174162,195.132389531,1.2849633678
Banning  City of,783998533.362,672231493.901,994172703.777,-0.211406096362,-0.323828253032,0.11242215667,129.734635635,1.28050087809
Rosamond Community Service District,263000000.0,227100000.0,331200000.0,-0.205917874396,-0.314311594203,0.108393719807,136.109349371,1.26458521365
Joshua Basin Water District,152092131.107,131157480.327,178006443.393,-0.145580754227,-0.263186894657,0.11760614043,114.571787046,1.25883509239
"Tehachapi, City of",232347708.319,205232307.673,297620636.919,-0.219315868937,-0.310423128592,0.0911072596547,186.371598596,1.24377793839
California Water Service Company Marysville,213921461.825,184953269.965,270717365.552,-0.209797785267,-0.316803081367,0.1070052961,134.278752894,1.23996356097
Placer County Water Agency,3161565930.0,2830284206.0,3800783338.0,-0.168180438387,-0.255341871844,0.0871614334571,201.910760085,1.2385230565
Riverside  City of,6376912426.39,5592913893.03,7517718272.32,-0.151748948897,-0.256035715834,0.104286766937,140.252434282,1.23504962377
Paso Robles  City of,609275000.0,521444000.0,791441000.0,-0.230170031626,-0.341146086695,0.110976055069,123.291411237,1.23224111244
Chino Hills  City of,1338542727.06,1173023999.92,1586589755.73,-0.156339739232,-0.260663321644,0.104323582412,137.803495662,1.22465175527
Davis  City of,1158200000.0,1001200000.0,1446400000.0,-0.199253318584,-0.307798672566,0.108545353982,126.277668656,1.21976036414
Manteca  City of,1407361000.0,1228755000.0,1817968000.0,-0.225860411184,-0.324105264779,0.0982448535948,152.200239764,1.21204146615
Golden State Water Company Placentia,608332029.066,517614991.789,749751548.384,-0.188621843626,-0.309617975575,0.120996131948,99.8965900281,1.20933554733
Contra Costa Water District,2601271941.74,2178968492.35,3638782885.31,-0.28512581714,-0.401182054267,0.116056237127,108.515862398,1.20896881496
"Tulare, City of",1767600000.0,1561700000.0,2130200000.0,-0.170218758802,-0.266876349639,0.0966575908365,155.737162136,1.20623546893
Triunfo Sanitation District / Oak Park Water Service,198801955.613,172766426.595,270847706.122,-0.266000962464,-0.362127045236,0.0961260827719,157.441552995,1.20614890597
West Kern Water District,1679672867.79,1470228604.57,1905129470.13,-0.118341879582,-0.228278903024,0.109937023443,118.314203062,1.19581064623
Desert Water Agency,2816494129.67,2501593433.59,3730332342.6,-0.244975012679,-0.32939127031,0.084416257631,200.551861131,1.19547209528
Turlock  City of,2031050000.0,1803387400.0,2484110000.0,-0.182383227796,-0.274030779635,0.0916475518395,168.586657344,1.189960288
Padre Dam Municipal Water District,973057531.307,822970364.031,1223604693.53,-0.204761524327,-0.327421373599,0.122659849272,93.4995092645,1.18606118221
Mesa Water District,1483731887.7,1285940071.51,1721440503.7,-0.13808703553,-0.252986049329,0.114899013799,104.358589078,1.1737629599
Walnut Valley Water District,1718647956.97,1508578059.01,2130729447.1,-0.193399256151,-0.291989857714,0.0985906015636,141.211543785,1.17157640605
Coachella Valley Water District,9740318270.74,8791829937.03,12544823747.5,-0.223558778761,-0.299166722946,0.075607944185,235.800833299,1.16102105933
Sunnyvale  City of,1735810551.63,1427229250.26,2237295897.78,-0.224147975532,-0.362073987766,0.137926012234,70.2228840314,1.15580750683
San Bernardino County Service Area 64,282897691.893,247614499.377,373415959.799,-0.242405996667,-0.336893635959,0.0944876392925,148.164661478,1.15013101533
Sierra Madre  City of,206778798.546,186406567.33,243775969.567,-0.151767096188,-0.23533657702,0.083569480832,189.388137243,1.15006951153
"Windsor, Town of",363086469.563,314781276.471,425144873.835,-0.145970016555,-0.259590563493,0.113620546937,101.295122323,1.14353942517
"Colton, City of",970743986.176,861583758.131,1074397325.1,-0.0964757976465,-0.198077156375,0.101601358729,125.650608979,1.13889009206
Crestline Village Water District,67061622.8525,56468332.048,73693103.3715,-0.0899878036835,-0.233736544336,0.143748740653,61.9718556474,1.13162178344
Marin Municipal Water District,2514696476.1,2203873316.91,2858648949.87,-0.120319941273,-0.22905073146,0.108730790187,108.207270513,1.13104729481
Vallejo  City of,1577748000.0,1366919000.0,1818329000.0,-0.132308839599,-0.248255403725,0.115946564126,92.9275785839,1.11771272166
East Valley Water District,1873567500.91,1647097500.63,2473948755.16,-0.242681362335,-0.334223274756,0.0915419124213,147.867325141,1.11315614856
Lincoln Avenue Water Company,201757428.056,175487286.011,257034864.132,-0.215058125531,-0.317262712187,0.102204586656,118.181978238,1.11108174908
Lake Hemet Municipal Water District,866276018.679,748611068.39,1227319399.8,-0.294172308509,-0.390043807248,0.0958714987389,133.57714755,1.10804040982
West Valley Water District,1847251739.66,1669281465.78,2130416629.73,-0.132915264607,-0.216453043744,0.0835377791374,173.312555701,1.09976004785
Antioch  City of,1574516000.0,1343744000.0,2102293000.0,-0.251048260162,-0.360819828635,0.109771568473,99.8315136313,1.09679054423
Tahoe City Public Utilities District,155491917.0,133142768.0,211935505.0,-0.266324361272,-0.371776956391,0.105452595119,106.244799023,1.08695386605
East Bay Municipal Utilities District,17740000000.0,15177200000.0,21552000000.0,-0.176874536006,-0.295786933927,0.118912397921,83.5348998976,1.08682874215
Napa  City of,1346092244.94,1178604611.46,1622740106.46,-0.170481927711,-0.273694779116,0.103212851406,109.471637573,1.07990259202
Cerritos  City of,684284738.186,608797996.607,811194093.459,-0.15644758301,-0.249503908478,0.0930563254682,131.873829998,1.06862470264
Sacramento  City of,10184000000.0,8994000000.0,13658000000.0,-0.254356421145,-0.341484844047,0.0871284229023,150.324299984,1.06825380421
Exeter  City of,218439208.0,195305455.0,293726309.0,-0.256317186078,-0.335076739755,0.0787595536769,181.248609804,1.06032887531
Ventura County Waterworks District No. 8,1774622715.1,1573937338.24,2242848406.1,-0.208763860155,-0.298241765267,0.0894779051117,140.310690844,1.05989096286
Orange  City of,2465913258.97,2175514467.22,3002851240.38,-0.178809384292,-0.275517069254,0.0967076849621,119.893488377,1.05890935538
Dublin San Ramon Services District,832810000.0,679411000.0,1203386000.0,-0.307944416837,-0.435417231046,0.127472814209,68.2602276587,1.05317717917
San Bernardino County Service Area 70J,176422479.606,154935836.51,223341826.58,-0.210078639063,-0.306283830116,0.0962051910535,119.792013895,1.05296137233
Paramount  City of,574124146.26,488868378.9,619557610.726,-0.0733321061351,-0.210939595551,0.137607489415,57.7230096232,1.04548198745
San Bernardino  City of,3867768458.6,3429571605.86,4944126105.89,-0.217704327162,-0.306334115998,0.088629788836,138.955276185,1.04476168092
Golden State Water Company Norwalk,422857396.818,365507545.666,463816921.192,-0.0883096810454,-0.211957285373,0.123647604328,71.3080136938,1.04413072562
Anaheim  City of,5449865116.58,4767206377.01,6479881477.32,-0.158956049482,-0.26430654732,0.105350497838,92.5602423166,1.01355853164
Victorville Water District,2147149100.5,1922523419.3,2677195324.23,-0.19798563778,-0.281888997079,0.0839033592989,143.909372323,1.00652342978
Carlsbad Municipal Water District,1453590630.7,1287667084.08,1743663571.02,-0.16635831885,-0.261516323747,0.0951580048962,111.822035522,1.00625725529
"Modesto, City of",5571416420.0,5042602209.0,7385301317.0,-0.24560743281,-0.317211039529,0.0716036067185,197.281490941,1.00572227534
Huntington Beach  City of,2510261638.18,2207904099.07,2948922829.21,-0.148753024895,-0.251284544581,0.102531519685,95.5865399239,1.00243394588
Otay Water District,2730993394.83,2391879814.75,3266008852.82,-0.163813229572,-0.267644417839,0.103831188267,91.5910644948,0.99369791247
"Kerman, City of",344084000.0,312614000.0,429818000.0,-0.199465820417,-0.272682856465,0.0732170360478,182.249295523,0.988428076283
Alameda County Water District,3937000000.0,3374000000.0,5273000000.0,-0.253366205196,-0.360136544661,0.106770339465,84.2345373667,0.97993150603
Thousand Oaks  City of,964161787.35,857184763.866,1255929155.09,-0.232311963262,-0.317489557118,0.0851775938562,132.030270818,0.978728251802
Norwalk City of,187000000.0,167580000.0,204640000.0,-0.0862001563722,-0.181098514464,0.0948983580923,105.096756234,0.972866736077
Palo Alto  City of,1076021859.67,939601870.065,1398278150.55,-0.230466513947,-0.328029355466,0.0975628415184,97.6051487514,0.96387519609
Lakewood  City of,656743775.576,572380841.125,806276995.426,-0.185461349758,-0.290094044141,0.104632694383,84.5301957182,0.961996177098
Redwood City  City of,878049163.575,753262129.818,1115893028.49,-0.213142172991,-0.324969230398,0.111827057407,73.5973970634,0.959352307586
Hesperia Water District City of,1469915787.2,1312529547.96,1761878665.79,-0.165711115221,-0.25503976327,0.0893286480488,114.780745207,0.957029403672
Lakeside Water District,349400709.629,305941904.81,446970402.416,-0.218291171539,-0.315520886491,0.0972297149522,96.2389531627,0.953837642832
Crescenta Valley Water District,358508257.014,316727587.044,454069075.753,-0.210454364417,-0.302468271994,0.092013907577,106.904229617,0.951373211447
Healdsburg  City of,186917684.0,166876424.0,231495256.0,-0.192563652363,-0.279136743951,0.0865730915885,120.299404675,0.94954306412
Covina  City of ,492726459.795,441766555.127,591074937.492,-0.166389185971,-0.252604827062,0.0862156410907,120.056846088,0.944668702237
San Gabriel Valley Fontana Water Company,3586972508.42,3195299093.16,4578212549.35,-0.216512455516,-0.30206405694,0.0855516014235,121.921672664,0.944644933286
California-American Water Company Los Angeles District,1740372471.61,1564412701.03,2243487074.89,-0.224255628177,-0.302687000726,0.078431372549,142.457163369,0.936120942933
Helix Water District,2778535118.03,2444276724.21,3391461652.22,-0.180726364335,-0.279285165257,0.0985588009224,88.8521137185,0.929029047461
"Greenfield, City of",164945992.347,145329736.442,196162559.054,-0.159136212625,-0.259136212625,0.1,85.6995650568,0.925740595722
Corona  City of,3118787222.99,2815936344.82,3637782521.43,-0.142668038943,-0.225919546253,0.0832515073097,120.622405839,0.914336587421
Estero Municipal Improvement District,470003283.084,416433786.984,510481870.094,-0.079294857235,-0.184233933897,0.104939076662,75.2783500091,0.910483928741
Lamont Public Utility District,366946000.0,332114000.0,468748000.0,-0.217178526628,-0.291487110345,0.0743085837166,148.658659456,0.906012292414
Santa Rosa  City of,1821520640.0,1599359938.0,2221965180.0,-0.18022088897,-0.280204769906,0.0999838809355,80.6706967956,0.89802389817
California Water Service Company Visalia,3050555889.29,2789385970.55,3773880886.94,-0.191666091041,-0.260870691442,0.0692046004006,168.213457503,0.897563811347
Tustin  City of,952691817.12,860769129.563,1204249118.76,-0.208891414346,-0.285223367698,0.0763319533512,136.051355862,0.890343952809
Merced  City of,2178460000.0,1966470000.0,3424810000.0,-0.363917998371,-0.425816322657,0.0618983242866,204.319826719,0.884777658513
Phelan Pinon Hills Community Services District,318780451.034,290783296.426,350733441.966,-0.0911033483221,-0.170927942324,0.079824594002,121.831548606,0.881082551186
Hollister  City of,302297419.0,270424128.0,365759026.0,-0.173506605412,-0.260649474717,0.0871428693054,102.018565991,0.880179932922
Gilroy  City of,771474000.0,680738000.0,1025360000.0,-0.247606694234,-0.336098541,0.088491846766,98.2821129824,0.877284590552
Chino  City of,1372919592.92,1231793339.89,1629341856.37,-0.157377816354,-0.243993312348,0.0866154959942,100.121809299,0.86668232804
Santa Paula  City of,381562245.474,338934361.794,489132318.555,-0.219920191328,-0.307070195658,0.0871500043302,97.763054181,0.861697421526
Reedley  City of,515050000.0,458670000.0,636510000.0,-0.190821825266,-0.279398595466,0.0885767702,94.4529568781,0.860850269034
Oildale Mutual Water Company,930631675.512,859921915.853,1194245479.95,-0.220736698499,-0.279945429741,0.0592087312415,208.416913272,0.85477583251
Ontario  City of,3089381086.82,2792546729.39,3614995731.14,-0.145398413557,-0.227510365964,0.0821119524067,107.733754537,0.852279958981
Big Bear City Community Services District,108915839.475,97348113.8162,128013991.611,-0.149188005905,-0.239550985084,0.0903629791783,88.3538066539,0.84938223518
Whittier  City of,696041457.672,630783192.387,797948232.952,-0.127711010654,-0.209493590764,0.0817825801103,107.865866062,0.849381553885
San Diego  City of,16001911877.1,14112657888.5,18792112476.2,-0.148477218974,-0.249011631536,0.100534412562,70.3612867855,0.843299089247
"Corcoran, City of",574281000.0,529758000.0,796280000.0,-0.278795147436,-0.334708896368,0.0559137489325,219.658993679,0.828691924744
Mid-Peninsula Water District,265242763.618,236634264.919,345961309.067,-0.233316684073,-0.31600945332,0.0826927692477,95.9147852595,0.809860682976
California Water Service Company Stockton,2475591046.35,2219439239.58,3056095363.55,-0.189949673732,-0.273766366699,0.0838166929671,92.2256688658,0.804926875766
"Imperial, City of",264741000.0,242358000.0,294533000.0,-0.101149956032,-0.177144836063,0.0759948800304,111.767994962,0.8034207864
Monte Vista Water District,823465658.2,740901423.627,1055155798.34,-0.219579080648,-0.297827463212,0.0782483825641,102.038285173,0.790418224079
Brawley  City of,597190000.0,543620000.0,825970000.0,-0.276983425548,-0.341840502682,0.0648570771336,148.412069976,0.790118051341
Madera  City of,1078650000.0,973129000.0,1388547000.0,-0.22318077818,-0.299174604821,0.0759938266404,107.403510086,0.787567074092
Suburban Water Systems Whittier/La Mirada,1867050472.37,1700572978.31,2303531717.35,-0.189483496882,-0.261754042497,0.072270545615,117.389831849,0.783026704818
Menlo Park  City of,299866348.031,260750711.67,497606399.965,-0.397382453176,-0.475990036124,0.0786075829484,96.2426584007,0.771166664526
Coastside County Water District,197440000.0,176200000.0,229720000.0,-0.140518892565,-0.232979279122,0.0924603865575,68.5531570572,0.765542726917
San Jose Water Company,11120400000.0,9839500000.0,15483200000.0,-0.281776376976,-0.364504753539,0.082728376563,85.4486079432,0.764728010641
Orchard Dale Water District,201382698.915,182802650.547,215009805.592,-0.0633790009699,-0.149793889428,0.0864148884578,78.1951384082,0.764149705471
"City of Big Bear Lake, Dept of Water & Power",240080000.0,215790000.0,270090000.0,-0.111111111111,-0.201044096412,0.0899329853012,72.053379779,0.763389510932
Pittsburg  City of,883370000.0,798720000.0,1078450000.0,-0.180889239186,-0.259381519774,0.0784922805879,92.7054686475,0.755752555747
Moulton Niguel Water District,2408527564.16,2205382009.02,2881217419.71,-0.164059071806,-0.234565918581,0.0705068467743,111.514134392,0.744554085944
Nipomo Community Services District,194109695.064,176644058.577,270098247.84,-0.281336711304,-0.346000723851,0.0646640125467,131.328420638,0.741040613822
Yuba City  City of,1494880000.0,1373450000.0,2008190000.0,-0.255608284077,-0.316075670131,0.0604673860541,149.793640198,0.740061620477
Hemet  City of,386215403.852,346777605.642,479969376.428,-0.195333238287,-0.277500560093,0.0821673218056,80.7447753122,0.738339914321
California Water Service Company Mid Peninsula,1303112441.72,1165146947.52,1632613404.7,-0.201824242061,-0.286330159871,0.0845059178093,75.2653178631,0.733136046098
Golden State Water Company Bay Point,164489800.35,145883683.868,208968520.135,-0.212848900671,-0.301886792453,0.0890378917823,64.488692491,0.715017471884
Great Oaks Water Company Incorporated,971816037.371,865708059.642,1351062782.6,-0.280702532937,-0.359239207246,0.0785366743089,81.9797517301,0.711092022053
Coachella  City of,662690000.0,611250000.0,769400000.0,-0.138692487653,-0.205549779049,0.0668572913959,112.312489679,0.708537442231
Oceanside  City of,2254175001.7,2041394019.87,2773940612.91,-0.187374455239,-0.264081570323,0.0767071150842,85.0027115332,0.707215937672
Rincon Del Diablo Municipal Water District,531202996.295,487147883.365,737075927.874,-0.279310344828,-0.33908045977,0.0597701149425,136.732361619,0.698907576525
Fresno  City of,12941783000.0,12073722000.0,16888514000.0,-0.233693207111,-0.285092696729,0.0513994896176,179.132535015,0.687932840946
Golden State Water Company West Orange,1278771340.12,1164104222.96,1560535069.05,-0.180555845566,-0.254035204945,0.0734793593786,83.8624533285,0.672897853444
Sunny Slope Water Company,317209184.394,289522285.694,406444301.27,-0.219550665609,-0.287670451304,0.0681197856947,95.894912677,0.667069458336
Fullerton  City of,2381530773.43,2206616985.93,2926491216.97,-0.186216326358,-0.245985440471,0.0597691141135,124.405429138,0.666647854419
California Water Service Company Willows,125876406.25,115742426.87,181238563.697,-0.305465659835,-0.361380798274,0.0559151384394,141.863847349,0.665986263162
Downey  City of,1283199661.01,1177082885.29,1537989408.81,-0.1656641758,-0.234661254134,0.0689970783341,93.0558463436,0.665583477905
Ventura County Waterworks District No 1,970418134.749,902706208.218,1254560579.09,-0.226487623698,-0.280460247786,0.0539726240877,150.593932174,0.662334336481
San Juan Capistrano  City of,728023775.232,671325626.934,914241348.734,-0.203685354813,-0.265701963859,0.0620166090459,113.476929642,0.660635343473
Dinuba  City of,447150000.0,410870000.0,638830000.0,-0.300048526212,-0.356839847847,0.0567913216349,131.249788242,0.650625800661
San Fernando  City of,268501575.848,247321233.093,330739198.405,-0.188177339901,-0.252216748768,0.064039408867,102.293209978,0.647695258711
San Gabriel County Water District,496841963.318,455810751.63,603955844.402,-0.177353828225,-0.245291264493,0.0679374362682,89.9587027551,0.644363224405
Mountain View  City of,936171149.771,839067424.525,1289719948.07,-0.27412834765,-0.349418898434,0.0752905507832,73.1771159617,0.644062656216
Millbrae  City of,210349963.622,190818327.259,263401807.774,-0.201410326681,-0.275561816101,0.0741514894197,74.3027593606,0.639178782155
Palmdale Water District,1890524809.17,1761064037.22,2415989561.83,-0.217494628688,-0.271079616799,0.053584988111,141.035136643,0.636365754659
Scotts Valley Water District,114276568.0,104036605.0,147446532.0,-0.224962659685,-0.294411312434,0.0694486527496,83.8040902475,0.635764732929
Garden Grove  City of,2099460744.16,1922197567.87,2480413647.47,-0.153584424797,-0.225049592097,0.0714651672994,79.1385957398,0.635753243575
Carpinteria Valley Water District,175011542.927,159302245.632,240892184.438,-0.273486006466,-0.338698986838,0.0652129803725,94.5042809708,0.63395698299
El Centro  City of,744376000.0,696212000.0,859261000.0,-0.133702099828,-0.189754917307,0.0560528174792,127.793635876,0.633653824444
Fillmore  City of,191443000.0,178093000.0,247287377.0,-0.225827851294,-0.279813623483,0.0539857721893,136.692459367,0.63117762719
South Coast Water District,481539980.306,441724194.441,648444339.73,-0.257391959799,-0.318793969849,0.0614020100503,102.817646729,0.622610467938
Hayward  City of,1352124841.46,1196293651.86,1813057246.63,-0.254229371974,-0.340178775882,0.0859494039085,51.4902816402,0.616744808831
Sweetwater Springs Water District,68559140.2408,62596059.1267,86676479.582,-0.209022556391,-0.277819548872,0.0687969924812,78.6129629875,0.609981320592
Santa Cruz  City of,777000000.0,689600000.0,995300000.0,-0.219330855019,-0.307143574802,0.087812719783,48.2348026458,0.609870577084
Arcadia  City of,1328496267.88,1248239061.41,1755687488.68,-0.243318485523,-0.289031180401,0.0457126948775,177.554375427,0.609119515848
Burlingame  City of,359045333.0,323078440.0,488671779.0,-0.265262803318,-0.338864133589,0.0736013302704,68.2267636289,0.607943261749
Pasadena  City of,2727881513.7,2539490511.18,3353688954.8,-0.186602708102,-0.242776970253,0.0561742621511,115.709635373,0.604257624722
Fallbrook Public Utility District,616967091.882,574453256.201,736717491.304,-0.162545888805,-0.220252996594,0.0577071077889,109.512777837,0.603895378597
Rubidoux Community Service District,474240000.0,443580000.0,563700000.0,-0.158701436935,-0.21309207025,0.0543906333156,121.65363432,0.599910771107
Suburban Water Systems San Jose Hills,2326367385.35,2150088280.37,2984007252.35,-0.220388159741,-0.279462783249,0.0590746235082,99.9342806366,0.590552085846
Glendale  City of,2089000913.35,1932869202.11,2586967064.1,-0.192490332657,-0.252843521306,0.0603531886486,91.1537221871,0.576218800271
Watsonville  City of,587340750.0,540994740.0,717672764.0,-0.181603678637,-0.246181871269,0.0645781926315,79.2584388335,0.574921623086
Delano  City of,898202000.0,837328000.0,1105182000.0,-0.187281370851,-0.242361891526,0.0550805206744,103.980439969,0.561660474254
California Water Service Company Redwood Valley,29978331.284,27436690.1534,44609060.3563,-0.327976625274,-0.384952520088,0.0569758948137,96.0990782436,0.558535479292
Sweetwater Authority,1660147850.28,1520585684.1,2049638060.97,-0.190028775377,-0.258119902704,0.0680911273271,66.8609028463,0.556771046586
Manhattan Beach  City of,422815036.132,393107161.533,509305780.401,-0.169820857326,-0.228150991683,0.058330134357,89.9790901092,0.553303956033
California-American Water Ventura District,1357171193.45,1280270256.68,1760575260.08,-0.229131963724,-0.272811401073,0.0436794373496,152.160210841,0.538799998843
Azusa  City of,1648903979.11,1534041350.54,2030509963.5,-0.187936031465,-0.244504396372,0.0565683649076,89.9702053138,0.536565792192
"California Water Service Company Dixon, City of",122226870.268,113591807.452,173906906.59,-0.297170695147,-0.34682405846,0.0496533633127,116.450313068,0.535820100327
Pico Rivera  City of,427647412.795,399819700.929,507220331.268,-0.156880380316,-0.211743543621,0.0548631633046,90.5427872063,0.522044800099
"Los Banos, City of",769394000.0,725818000.0,984089000.0,-0.218166243094,-0.26244679089,0.044280547796,134.942370745,0.514383646448
Oxnard  City of,2142466615.5,1977755236.18,2474193143.73,-0.134074629166,-0.200646383977,0.0665717548113,59.3594027831,0.512902441513
McKinleyville Community Service District,139023000.0,128540000.0,162002000.0,-0.141843927853,-0.206553005518,0.0647090776657,62.5501113444,0.511775219444
Pomona  City of,1866228349.22,1731586213.73,2345869267.41,-0.204461913054,-0.261857326072,0.0573954130175,78.0750913507,0.507146503885
Buena Park  City of,1204998577.05,1127771788.85,1490118575.67,-0.191340476711,-0.243166411546,0.0518259348349,92.6760635814,0.498920023409
Eastern Municipal Water District,8149544189.27,7710296465.67,9653022673.45,-0.155752092898,-0.20125573859,0.0455036456927,119.065464841,0.496522689406
Santa Clara  City of,1716000000.0,1590700000.0,2189400000.0,-0.21622362291,-0.273453914314,0.057230291404,75.0957562822,0.495945158475
Seal Beach  City of,323212030.441,300109164.267,383005767.296,-0.156117066531,-0.216436957631,0.0603198911009,67.4474971595,0.49538570245
Rialto  City of,898747113.38,852648912.002,1077010653.55,-0.165516970126,-0.208318962127,0.0428019920005,129.159084471,0.486436842152
Camarillo  City of,722331150.802,677950186.445,893996199.574,-0.192019886498,-0.241663234399,0.0496433479007,94.452354367,0.482466825055
Mammoth Community Water District,218749000.0,202271000.0,318957000.0,-0.314174010917,-0.365836147192,0.0516621362754,85.0977338994,0.476575111656
Golden State Water Company S Arcadia,274888263.817,257129361.046,367592994.799,-0.252193954437,-0.300505274355,0.0483113199184,96.396367595,0.474328519253
Apple Valley Ranchos Water Company,1038062711.62,978193122.01,1446543958.34,-0.282384261031,-0.323772280566,0.0413880195351,122.40023441,0.457894861785
California Water Service Company Antelope Valley,64257901.4044,60771291.1355,104989329.779,-0.387957790192,-0.421166977033,0.0332091868405,186.601243767,0.453644352545
Pismo Beach  City of,167021665.937,157738158.782,211096329.953,-0.208789342883,-0.252766929596,0.0439775867126,106.206326208,0.453217412282
California Water Service Company Oroville,312393763.065,294797786.007,423313588.816,-0.26202755754,-0.303594796398,0.0415672388577,117.491738973,0.450562292575
"East Palo Alto, City of",153129225.963,141949589.601,179274389.598,-0.145838809956,-0.208199286474,0.0623604765183,51.3871636583,0.447030081634
Fortuna  City of,125000000.0,119100000.0,127100000.0,-0.0165224232887,-0.0629425649095,0.0464201416208,92.5518211889,0.446579667056
Soquel Creek Water District,315687000.0,291027000.0,432759000.0,-0.270524703126,-0.327507920113,0.0569832169868,61.1920285229,0.445753117131
Valley County Water District,653537397.534,611650825.85,816515247.262,-0.199601722411,-0.250900913484,0.0512991910735,75.4728708357,0.445662356009
La Palma  City of,166763265.756,156630263.93,210232497.82,-0.206767424234,-0.254966451171,0.0481990269367,83.1886445041,0.439612765018
El Monte  City of,201905000.0,189396000.0,225176000.0,-0.103345827264,-0.158897928731,0.0555521014673,58.2983338826,0.424158880358
Newport Beach  City of,1329956082.27,1266199992.07,1645885333.32,-0.191950948618,-0.230687602331,0.0387366537122,117.811200894,0.420451002862
Golden State Water Company Barstow,574997428.084,545442703.655,755519118.642,-0.238937289744,-0.278055723281,0.0391184335375,114.214221527,0.418062821742
Del Oro Water Company,91995428.565,85000394.7993,152472436.353,-0.396642234062,-0.442519600051,0.0458773659886,81.4969286498,0.414160900494
Long Beach  City of,4684440114.55,4415612687.28,5429662328.1,-0.137250195043,-0.186761087439,0.0495108923963,69.3948348552,0.412443370738
Cambria Community Services District,46730353.1461,42513835.6807,71716640.5684,-0.348402926076,-0.40719705575,0.0587941296742,47.3044058494,0.404375431968
Golden State Water Company Culver City,447654690.413,423509099.672,521166772.344,-0.141052894836,-0.187382768538,0.0463298737026,74.6363279119,0.400254523056
San Jacinto  City of,221685194.79,209531594.791,315252280.498,-0.296800662505,-0.335352643731,0.0385519812259,107.216636737,0.399188288817
Golden State Water Company Artesia,448697414.979,425138356.807,514780084.375,-0.128370679833,-0.174135966578,0.0457652867452,74.4631709612,0.394918020071
Pinedale County Water District,243248228.0,232807224.0,323495124.0,-0.248062150081,-0.280337764844,0.0322756147632,148.500150926,0.393312700673
"Soledad, City of",200583200.0,190484172.0,242600000.0,-0.173193734542,-0.214822044518,0.0416283099753,87.9088094912,0.390305776711
Fountain Valley  City of,779436613.384,735968033.022,990588338.08,-0.213157894737,-0.257039473684,0.0438815789474,72.3148421579,0.373160758591
California Water Service Company Selma,457756084.65,435891453.898,738509674.153,-0.380162372044,-0.409768796329,0.0296064242852,158.786152557,0.373071670272
Daly City  City of,584653464.894,552998150.611,636978202.553,-0.0821452562254,-0.131841327703,0.0496960714772,54.7749320163,0.367801064875
Lomita  City of,182167240.264,173460490.135,221011988.877,-0.175758558665,-0.215153480966,0.0393949223012,87.0820272082,0.367624556456
Los Angeles Department of Water and Power,44663151693.2,42548050080.5,51937458949.5,-0.140058974842,-0.180782985131,0.0407240102892,81.2425604524,0.367064462063
San Gabriel Valley Water Company,2974045974.23,2783748740.86,4398994264.5,-0.323925925926,-0.367185185185,0.0432592592593,71.7936467606,0.366540599275
Rohnert Park  City of,428500000.0,408000000.0,505000000.0,-0.151485148515,-0.192079207921,0.0405940594059,79.3937103951,0.361705849593
Burbank  City of,1381153858.48,1317286978.79,1816654290.67,-0.239726641675,-0.274882961741,0.035156320066,102.656310925,0.356201903812
Santa Ana  City of,3079067889.15,2921192872.77,3656997980.08,-0.158034019728,-0.201204679717,0.0431706599898,67.5166371408,0.354726872262
Indio  City of,1806500000.0,1742600000.0,2296400000.0,-0.213333913952,-0.241160076642,0.0278261626894,159.789195696,0.351744265077
Pico Water District,252945428.723,241732881.12,317362997.327,-0.202977565583,-0.238307921351,0.0353303557677,97.866968661,0.349515209318
San Clemente  City of,717948449.109,684841944.126,948390578.283,-0.242982305446,-0.277890396839,0.0349080913932,97.8604691796,0.345326376106
"Yreka, City of",267300000.0,259080000.0,326250000.0,-0.180689655172,-0.205885057471,0.0251954022989,177.650638212,0.335818550864
Milpitas  City of,835592727.215,785958732.413,1078165028.5,-0.224986245028,-0.271021864335,0.0460356193068,52.7037797196,0.334206483759
Rowland Water District,933596923.498,894788018.542,1093231537.59,-0.146020864382,-0.181520119225,0.0354992548435,87.3084303416,0.331701417297
Petaluma  City of,769768644.102,732803657.092,1014665890.84,-0.241357523641,-0.277788222006,0.036430698365,82.6702161089,0.331239433385
Humboldt Community Service District,219024000.0,209463000.0,235929000.0,-0.0716529125288,-0.112177816207,0.0405249036786,63.5979270406,0.323179251934
South Pasadena  City of,318813036.177,305690999.212,439247723.596,-0.274183976261,-0.304057863501,0.0298738872404,104.036483239,0.304708499841
Suisun-Solano Water Authority,340600000.0,325600000.0,452000000.0,-0.246460176991,-0.279646017699,0.033185840708,80.4618141715,0.297678682202
Santa Monica  City of,1037200000.0,994600000.0,1282700000.0,-0.191393155064,-0.224604350199,0.0332111951353,79.0633999807,0.295305984081
Bellflower-Somerset Mutual Water Company,422101421.507,406023912.099,504897010.594,-0.163985104584,-0.19582825095,0.0318431463662,85.1726824482,0.293877364001
Santa Fe Springs  City of,480350622.598,459805690.125,623083323.167,-0.229074820753,-0.262047830475,0.0329730097219,77.4608613761,0.29020156601
Golden State Water Company Florence Graham,416535879.134,399037657.504,457919010.363,-0.0903721625276,-0.128584643848,0.0382124813207,55.7118160593,0.285219291815
Westminster  City of,970972082.175,934476722.351,1167004300.66,-0.167979002625,-0.199251689284,0.0312726866588,82.9134468453,0.284759143711
Grover Beach  City of,113116064.369,107957836.279,167341000.336,-0.324038555155,-0.354863207088,0.0308246519326,76.6466825273,0.269863943508
Port Hueneme  City of,166682780.453,159657423.687,203285671.248,-0.180056422915,-0.214615458596,0.0345590356811,59.5339640621,0.266651490814
San Buenaventura  City of,1264593544.53,1215471441.91,1615489912.21,-0.217207402552,-0.247614341183,0.0304069386314,75.6681753376,0.264502224196
Crescent City  City of,185430000.0,178730000.0,214590000.0,-0.135887040403,-0.167109371359,0.0312223309567,68.9329415341,0.259226101514
San Dieguito Water District,495815531.323,481813695.505,594744024.56,-0.166337935569,-0.189880561034,0.0235426254657,119.045571423,0.25686889388
San Francisco Public Utilities Commission,6453570000.0,6169740000.0,7375120000.0,-0.124953899055,-0.163438696591,0.0384847975355,42.3615990371,0.25048134044
Ceres  City of,703021000.0,683442000.0,922358000.0,-0.237800290126,-0.259027405845,0.0212271157186,121.868450603,0.234334715718
California Water Service Company Kern River Valley,78334683.0508,76477329.9169,93291263.5501,-0.16032134125,-0.180230527419,0.0199091861684,133.085013047,0.229677304913
California Water Service Company Salinas District,1459162690.11,1406048907.51,1968468470.51,-0.258731998014,-0.285714285714,0.0269822877007,68.6371078947,0.22354154928
South Gate  City of,687667075.998,665714465.361,757177702.406,-0.0918022627803,-0.120794942527,0.0289926797464,57.5313383616,0.21990778134
Ripon  City of,412740000.0,404771000.0,578038000.0,-0.285963898567,-0.299750189434,0.0137862908667,232.340842744,0.210140720639
Golden State Water Company Southwest,2369689332.57,2303411152.32,2707010729.8,-0.124610291905,-0.149094191995,0.0244839000903,64.150726274,0.196101713022
Inglewood  City of,780227454.797,759526765.343,926082789.591,-0.157497079563,-0.179850037297,0.0223529577346,71.1087086792,0.188493506222
California Water Service Company Hermosa/Redondo,940342048.037,917271767.005,1135722563.67,-0.172031904516,-0.192345211453,0.0203133069375,80.1481493777,0.181855893613
Golden State Water Company Bell-Bell Gardens,408357008.316,397180304.37,471637355.44,-0.134171618074,-0.157869282852,0.0236976647782,55.5658552581,0.176648337059
Irvine Ranch Water District,5002145255.88,4883825344.22,5944800849.05,-0.158568069327,-0.178471160223,0.0199030908961,74.6773100081,0.171994618748
Lompoc  City of,369730000.0,358610000.0,495600000.0,-0.253974979822,-0.276412429379,0.0224374495561,57.4325801024,0.170040609512
Indian Wells Valley Water District,639798000.0,629740000.0,823566000.0,-0.223136943487,-0.235349686607,0.0122127431196,192.031490047,0.169238609424
Goleta Water District,1046364326.84,1015027195.11,1450270204.66,-0.278503879156,-0.300111667577,0.0216077884203,53.2856548263,0.157730424543
Montebello Land and Water Company,268038866.822,262395120.106,323026295.128,-0.170225858191,-0.187697335902,0.0174714777118,72.309421813,0.148568617815
Brea  City of,887016462.008,873777118.529,1071399491.98,-0.172095498783,-0.184452554745,0.0123570559611,95.9900005962,0.121067621589
Arcata  City of,180277000.0,177507000.0,178787000.0,0.00833393926852,-0.00715935722396,0.0154932964925,49.4408274752,0.10893983104
California Water Service Company East Los Angeles,1242373735.72,1218749507.27,1468710136.92,-0.154105562088,-0.170190579726,0.0160850176381,45.4788921299,0.108474205977
Park Water Company,869697458.663,853404887.313,1092579834.73,-0.203996421115,-0.218908440203,0.0149120190874,51.846923113,0.107373706467
San Luis Obispo  City of,413267589.321,406766853.353,532943042.916,-0.224555804199,-0.236753610428,0.0121978062291,58.4459810353,0.0932521935483
California Water Service Company Dominguez,2704469088.67,2672079456.83,3087768122.25,-0.124134655973,-0.134624314057,0.0104896580836,77.8438496992,0.0925493738974
Westborough Water District,68446753.242,67333651.9434,87255771.4225,-0.215561880594,-0.228318644765,0.0127567641713,43.2801670943,0.0839237712592
California Water Service Company South San Francisco,616478314.741,606572431.36,797944974.438,-0.227417510617,-0.239831754329,0.0124142437112,42.7063966845,0.0811272457232
Arroyo Grande  City of,193588332.781,192350097.358,303823870.535,-0.362827112827,-0.366902616903,0.0040755040755,95.4208205877,0.0398109833764
Monterey Park  City of,687560000.0,684110000.0,831800000.0,-0.173407069007,-0.177554700649,0.00414763164222,89.4630271836,0.0392303311188
Huntington Park  City of,362672638.251,360391678.262,424258557.954,-0.145161290323,-0.150537634409,0.00537634408602,43.2824737536,0.0353706542445
El Segundo  City of,607080810.347,606325277.88,636905641.514,-0.0468277076269,-0.0480139625731,0.00118625494615,82.3564769863,0.0107653193207
Santa Maria  City of,1121254760.31,1120277206.03,1373789616.23,-0.183823529412,-0.184535104364,0.000711574952562,81.9515348215,0.00644168076433
Beverly Hills  City of,895309380.825,895211625.397,1123177283.73,-0.202877948301,-0.202964983028,8.7034726856e-05,132.359511168,0.00100131367634
Alhambra  City of,775637185.745,777996350.077,1060724599.23,-0.268766665438,-0.266542559074,-0.00222410636389,89.1789669608,-0.0210032630382
Compton  City of,618466008.446,621724522.716,732514007.896,-0.155693950178,-0.151245551601,-0.00444839857651,58.9721326624,-0.0341607274219
Riverbank  City of,412417204.0,413707800.0,465864073.0,-0.114726316318,-0.111955988931,-0.00277032738689,169.858729847,-0.0361056386621
Montecito Water District,366257003.948,368212112.51,689501619.532,-0.468809073724,-0.465973534972,-0.00283553875236,204.482952255,-0.0405475054061
Golden State Water Company S San Gabriel,208121306.425,209359541.848,242824483.4,-0.142914653784,-0.137815351583,-0.00509930220075,64.375883545,-0.0409140387108
Eureka  City of,292060000.0,293740000.0,339454000.0,-0.139618328257,-0.134669204075,-0.00494912418177,70.4039372996,-0.0415266430533
"American Canyon, City of",279580524.366,282187335.782,387763198.13,-0.278991596639,-0.272268907563,-0.00672268907563,76.2111123219,-0.0586883873098
Hawthorne  City of,337582078.372,341459710.353,382712501.012,-0.117922520221,-0.10779054917,-0.0101319710515,65.1484564116,-0.0817797927117
Santa Barbara  City of,864734741.43,879909642.385,1408564480.52,-0.386087926121,-0.375314616723,-0.0107733093978,68.4051639957,-0.0891032565007
Bakman Water Company,340692302.0,344425325.0,518312840.0,-0.34268982802,-0.335487569631,-0.00720225838897,194.439603033,-0.10042944461
El Toro Water District,734827553.028,745277608.292,995854097.14,-0.262113240144,-0.251619679598,-0.0104935605466,108.708962334,-0.109409629616
California City  City of,403371481.483,408389593.459,491709803.343,-0.179655400928,-0.169449966865,-0.0102054340623,159.632316945,-0.128941254021
Marina Coast Water District,275901661.755,282949828.121,424001135.327,-0.349290275974,-0.332667286602,-0.0166229893714,60.2909735201,-0.129072961693
Alco Water Service,344299000.0,350899000.0,447983000.0,-0.23144628256,-0.216713580649,-0.0147327019106,103.254655161,-0.149705315925
Benicia  City of,402687193.487,416014516.851,649715160.295,-0.3802096394,-0.359697076082,-0.0205125633181,84.1378470155,-0.18815494296
Vernon  City of,613392501.728,632901226.662,651875555.256,-0.0590343558957,-0.0291072865691,-0.0299270693266,39.8650121843,-0.18895576221
California-American Water Company Monterey District,912957494.112,945497017.612,1079839043.94,-0.154542985606,-0.124409306255,-0.0301336793506,68.0396955612,-0.248561203781
"Perris, City of",137737398.193,143326076.017,190884743.491,-0.278426365177,-0.249148604565,-0.0292777606124,86.4931151589,-0.272288077139
Morro Bay  City of,92005424.0,97087596.0,119120801.0,-0.227629236644,-0.184965218627,-0.0426640180165,64.2147343029,-0.341884253905
North Coast County Water District,214788155.829,232613485.698,345158649.327,-0.37771179645,-0.326067922238,-0.0516438742117,48.5791205303,-0.359951210748
Humboldt Bay Municipal Water District,50810000.0,53060000.0,49765000.0,0.0209986938611,0.0662111926052,-0.0452124987441,88.6465550912,-0.425686072481
Martinez  City of,261478566.216,281485963.617,324474264.913,-0.194146980236,-0.132486011818,-0.0616609684179,48.9339943695,-0.431335968737
Blythe  City of,289600000.0,309500000.0,364000000.0,-0.204395604396,-0.149725274725,-0.0546703296703,132.594374477,-0.629526827116
California Water Service Company King City,117795290.861,134772150.207,172538330.597,-0.317280453258,-0.218885741265,-0.0983947119924,44.668239547,-0.657614191923
Patterson  City of,299352884.0,331531760.0,472549824.0,-0.36651572216,-0.298419461479,-0.0680962606813,109.450634615,-0.712413936165
Redlands  City of,2373827645.69,2534733080.35,2977565169.64,-0.202762152816,-0.148722887347,-0.0540392654687,208.592015184,-0.780473707378
Wasco  City of,340340000.0,383540000.0,537330000.0,-0.366608974001,-0.286211452925,-0.0803975210764,101.945628614,-0.811758719479
Hanford  City of,1320227298.0,1478892470.0,1638207120.0,-0.194102331822,-0.0972493942036,-0.0968529376188,154.411459327,-1.20351792078
